{"cameraMode":{"drawMode":0,"name":"Shaded","section":"Shading Mode"},"sceneLighting":false,"audioPlay":false,"sceneViewState":{"showFog":true,"showMaterialUpdate":false,"showSkybox":true,"showFlares":true,"showImageEffects":true,"showParticleSystems":true},"in2DMode":false,"pivot":{"x":0.00004971027374267578,"y":0.5029296875,"z":-0.00592041015625},"rotation":{"x":-0.0029886870179325344,"y":-0.7028489112854004,"z":0.7113325595855713,"w":-0.0029551892075687649},"size":2.2463974952697756,"orthographic":true}